date,station_uuid,diesel,e5,e10,dieselchange,e5change,e10change,hour,dow,is_weekend
2025-09-27 05:51:35+02:00,51d4b4f2-a095-1aa0-e100-80009459e03a,1.619,1.719,1.659,1.0,1.0,1.0,5,5,1
2025-09-27 05:56:35+02:00,51d4b4f2-a095-1aa0-e100-80009459e03a,1.619,1.719,1.659,1.0,1.0,1.0,5,5,1
2025-09-27 06:01:35+02:00,51d4b4f2-a095-1aa0-e100-80009459e03a,1.619,1.719,1.659,1.0,1.0,1.0,6,5,1
2025-09-27 06:06:35+02:00,51d4b4f2-a095-1aa0-e100-80009459e03a,1.619,1.719,1.659,1.0,1.0,1.0,6,5,1
2025-09-27 06:11:35+02:00,51d4b4f2-a095-1aa0-e100-80009459e03a,1.619,1.719,1.659,1.0,1.0,1.0,6,5,1
2025-09-27 06:16:35+02:00,51d4b4f2-a095-1aa0-e100-80009459e03a,1.619,1.719,1.659,1.0,1.0,1.0,6,5,1
2025-09-27 06:21:35+02:00,51d4b4f2-a095-1aa0-e100-80009459e03a,1.619,1.719,1.659,1.0,1.0,1.0,6,5,1
2025-09-27 06:26:35+02:00,51d4b4f2-a095-1aa0-e100-80009459e03a,1.619,1.719,1.659,1.0,1.0,1.0,6,5,1
2025-09-27 06:31:35+02:00,51d4b4f2-a095-1aa0-e100-80009459e03a,1.619,1.719,1.659,1.0,1.0,1.0,6,5,1
2025-09-27 06:36:35+02:00,51d4b4f2-a095-1aa0-e100-80009459e03a,1.619,1.719,1.659,1.0,1.0,1.0,6,5,1
2025-09-27 06:41:35+02:00,51d4b4f2-a095-1aa0-e100-80009459e03a,1.619,1.719,1.659,1.0,1.0,1.0,6,5,1
2025-09-27 06:46:35+02:00,51d4b4f2-a095-1aa0-e100-80009459e03a,1.619,1.719,1.659,1.0,1.0,1.0,6,5,1
2025-09-27 06:51:35+02:00,51d4b4f2-a095-1aa0-e100-80009459e03a,1.619,1.719,1.659,1.0,1.0,1.0,6,5,1
2025-09-27 06:56:35+02:00,51d4b4f2-a095-1aa0-e100-80009459e03a,1.619,1.719,1.659,1.0,1.0,1.0,6,5,1
2025-09-27 07:01:35+02:00,51d4b4f2-a095-1aa0-e100-80009459e03a,1.619,1.719,1.659,1.0,1.0,1.0,7,5,1
2025-09-27 07:06:35+02:00,51d4b4f2-a095-1aa0-e100-80009459e03a,1.619,1.719,1.659,1.0,1.0,1.0,7,5,1
2025-09-27 07:11:35+02:00,51d4b4f2-a095-1aa0-e100-80009459e03a,1.619,1.719,1.659,1.0,1.0,1.0,7,5,1
2025-09-27 07:16:35+02:00,51d4b4f2-a095-1aa0-e100-80009459e03a,1.619,1.719,1.659,1.0,1.0,1.0,7,5,1
2025-09-27 07:21:35+02:00,51d4b4f2-a095-1aa0-e100-80009459e03a,1.619,1.719,1.659,1.0,1.0,1.0,7,5,1
2025-09-27 07:26:35+02:00,51d4b4f2-a095-1aa0-e100-80009459e03a,1.619,1.719,1.659,1.0,1.0,1.0,7,5,1
2025-09-27 07:31:35+02:00,51d4b4f2-a095-1aa0-e100-80009459e03a,1.619,1.719,1.659,1.0,1.0,1.0,7,5,1
2025-09-27 07:36:35+02:00,51d4b4f2-a095-1aa0-e100-80009459e03a,1.619,1.719,1.659,1.0,1.0,1.0,7,5,1
2025-09-27 07:41:35+02:00,51d4b4f2-a095-1aa0-e100-80009459e03a,1.619,1.719,1.659,1.0,1.0,1.0,7,5,1
2025-09-27 07:46:35+02:00,51d4b4f2-a095-1aa0-e100-80009459e03a,1.619,1.719,1.659,1.0,1.0,1.0,7,5,1
2025-09-27 07:51:35+02:00,51d4b4f2-a095-1aa0-e100-80009459e03a,1.619,1.719,1.659,1.0,1.0,1.0,7,5,1
2025-09-27 07:56:35+02:00,51d4b4f2-a095-1aa0-e100-80009459e03a,1.619,1.719,1.659,1.0,1.0,1.0,7,5,1
2025-09-27 08:01:35+02:00,51d4b4f2-a095-1aa0-e100-80009459e03a,1.619,1.719,1.659,1.0,1.0,1.0,8,5,1
2025-09-27 08:06:35+02:00,51d4b4f2-a095-1aa0-e100-80009459e03a,1.619,1.719,1.659,1.0,1.0,1.0,8,5,1
2025-09-27 08:11:35+02:00,51d4b4f2-a095-1aa0-e100-80009459e03a,1.619,1.719,1.659,1.0,1.0,1.0,8,5,1
2025-09-27 08:16:35+02:00,51d4b4f2-a095-1aa0-e100-80009459e03a,1.619,1.719,1.659,1.0,1.0,1.0,8,5,1
2025-09-27 08:21:35+02:00,51d4b4f2-a095-1aa0-e100-80009459e03a,1.619,1.719,1.659,1.0,1.0,1.0,8,5,1
2025-09-27 08:26:35+02:00,51d4b4f2-a095-1aa0-e100-80009459e03a,1.619,1.719,1.659,1.0,1.0,1.0,8,5,1
2025-09-27 08:31:35+02:00,51d4b4f2-a095-1aa0-e100-80009459e03a,1.619,1.719,1.659,1.0,1.0,1.0,8,5,1
2025-09-27 08:36:35+02:00,51d4b4f2-a095-1aa0-e100-80009459e03a,1.619,1.719,1.659,1.0,1.0,1.0,8,5,1
2025-09-27 08:41:35+02:00,51d4b4f2-a095-1aa0-e100-80009459e03a,1.619,1.719,1.659,1.0,1.0,1.0,8,5,1
2025-09-27 08:46:35+02:00,51d4b4f2-a095-1aa0-e100-80009459e03a,1.619,1.719,1.659,1.0,1.0,1.0,8,5,1
2025-09-27 08:51:35+02:00,51d4b4f2-a095-1aa0-e100-80009459e03a,1.619,1.719,1.659,1.0,1.0,1.0,8,5,1
2025-09-27 08:56:35+02:00,51d4b4f2-a095-1aa0-e100-80009459e03a,1.619,1.719,1.659,1.0,1.0,1.0,8,5,1
2025-09-27 09:01:35+02:00,51d4b4f2-a095-1aa0-e100-80009459e03a,1.619,1.719,1.659,1.0,1.0,1.0,9,5,1
2025-09-27 09:06:35+02:00,51d4b4f2-a095-1aa0-e100-80009459e03a,1.619,1.719,1.659,1.0,1.0,1.0,9,5,1
2025-09-27 09:11:35+02:00,51d4b4f2-a095-1aa0-e100-80009459e03a,1.619,1.719,1.659,1.0,1.0,1.0,9,5,1
2025-09-27 09:16:35+02:00,51d4b4f2-a095-1aa0-e100-80009459e03a,1.619,1.719,1.659,1.0,1.0,1.0,9,5,1
2025-09-27 09:21:35+02:00,51d4b4f2-a095-1aa0-e100-80009459e03a,1.619,1.719,1.659,1.0,1.0,1.0,9,5,1
2025-09-27 09:26:35+02:00,51d4b4f2-a095-1aa0-e100-80009459e03a,1.619,1.719,1.659,1.0,1.0,1.0,9,5,1
2025-09-27 09:31:35+02:00,51d4b4f2-a095-1aa0-e100-80009459e03a,1.619,1.719,1.659,1.0,1.0,1.0,9,5,1
2025-09-27 09:36:35+02:00,51d4b4f2-a095-1aa0-e100-80009459e03a,1.619,1.719,1.659,1.0,1.0,1.0,9,5,1
2025-09-27 09:41:35+02:00,51d4b4f2-a095-1aa0-e100-80009459e03a,1.619,1.719,1.659,1.0,1.0,1.0,9,5,1
2025-09-27 09:46:35+02:00,51d4b4f2-a095-1aa0-e100-80009459e03a,1.619,1.719,1.659,1.0,1.0,1.0,9,5,1
2025-09-27 09:51:35+02:00,51d4b4f2-a095-1aa0-e100-80009459e03a,1.619,1.719,1.659,1.0,1.0,1.0,9,5,1
2025-09-27 09:56:35+02:00,51d4b4f2-a095-1aa0-e100-80009459e03a,1.619,1.719,1.659,1.0,1.0,1.0,9,5,1
2025-09-27 10:01:35+02:00,51d4b4f2-a095-1aa0-e100-80009459e03a,1.619,1.719,1.659,1.0,1.0,1.0,10,5,1
2025-09-27 10:06:35+02:00,51d4b4f2-a095-1aa0-e100-80009459e03a,1.619,1.719,1.659,1.0,1.0,1.0,10,5,1
2025-09-27 10:11:35+02:00,51d4b4f2-a095-1aa0-e100-80009459e03a,1.619,1.719,1.659,1.0,1.0,1.0,10,5,1
2025-09-27 10:16:35+02:00,51d4b4f2-a095-1aa0-e100-80009459e03a,1.619,1.719,1.659,1.0,1.0,1.0,10,5,1
2025-09-27 10:21:35+02:00,51d4b4f2-a095-1aa0-e100-80009459e03a,1.619,1.719,1.659,1.0,1.0,1.0,10,5,1
2025-09-27 10:26:35+02:00,51d4b4f2-a095-1aa0-e100-80009459e03a,1.619,1.719,1.659,1.0,1.0,1.0,10,5,1
2025-09-27 10:31:35+02:00,51d4b4f2-a095-1aa0-e100-80009459e03a,1.619,1.719,1.659,1.0,1.0,1.0,10,5,1
2025-09-27 10:36:35+02:00,51d4b4f2-a095-1aa0-e100-80009459e03a,1.619,1.719,1.659,1.0,1.0,1.0,10,5,1
2025-09-27 10:41:35+02:00,51d4b4f2-a095-1aa0-e100-80009459e03a,1.619,1.719,1.659,1.0,1.0,1.0,10,5,1
2025-09-27 10:46:35+02:00,51d4b4f2-a095-1aa0-e100-80009459e03a,1.619,1.719,1.659,1.0,1.0,1.0,10,5,1
2025-09-27 10:51:35+02:00,51d4b4f2-a095-1aa0-e100-80009459e03a,1.619,1.719,1.659,1.0,1.0,1.0,10,5,1
2025-09-27 10:56:35+02:00,51d4b4f2-a095-1aa0-e100-80009459e03a,1.619,1.719,1.659,1.0,1.0,1.0,10,5,1
2025-09-27 11:01:35+02:00,51d4b4f2-a095-1aa0-e100-80009459e03a,1.619,1.719,1.659,1.0,1.0,1.0,11,5,1
2025-09-27 11:06:35+02:00,51d4b4f2-a095-1aa0-e100-80009459e03a,1.619,1.719,1.659,1.0,1.0,1.0,11,5,1
2025-09-27 11:11:35+02:00,51d4b4f2-a095-1aa0-e100-80009459e03a,1.619,1.719,1.659,1.0,1.0,1.0,11,5,1
2025-09-27 11:16:35+02:00,51d4b4f2-a095-1aa0-e100-80009459e03a,1.619,1.719,1.659,1.0,1.0,1.0,11,5,1
2025-09-27 11:21:35+02:00,51d4b4f2-a095-1aa0-e100-80009459e03a,1.619,1.719,1.659,1.0,1.0,1.0,11,5,1
2025-09-27 11:26:35+02:00,51d4b4f2-a095-1aa0-e100-80009459e03a,1.619,1.719,1.659,1.0,1.0,1.0,11,5,1
2025-09-27 11:31:35+02:00,51d4b4f2-a095-1aa0-e100-80009459e03a,1.619,1.719,1.659,1.0,1.0,1.0,11,5,1
2025-09-27 11:36:35+02:00,51d4b4f2-a095-1aa0-e100-80009459e03a,1.619,1.719,1.659,1.0,1.0,1.0,11,5,1
2025-09-27 11:41:35+02:00,51d4b4f2-a095-1aa0-e100-80009459e03a,1.619,1.719,1.659,1.0,1.0,1.0,11,5,1
2025-09-27 11:46:35+02:00,51d4b4f2-a095-1aa0-e100-80009459e03a,1.619,1.719,1.659,1.0,1.0,1.0,11,5,1
2025-09-27 11:51:35+02:00,51d4b4f2-a095-1aa0-e100-80009459e03a,1.619,1.719,1.659,1.0,1.0,1.0,11,5,1
2025-09-27 11:56:35+02:00,51d4b4f2-a095-1aa0-e100-80009459e03a,1.619,1.719,1.659,1.0,1.0,1.0,11,5,1
2025-09-27 12:01:35+02:00,51d4b4f2-a095-1aa0-e100-80009459e03a,1.619,1.719,1.659,1.0,1.0,1.0,12,5,1
2025-09-27 12:06:35+02:00,51d4b4f2-a095-1aa0-e100-80009459e03a,1.619,1.719,1.659,1.0,1.0,1.0,12,5,1
2025-09-27 12:11:35+02:00,51d4b4f2-a095-1aa0-e100-80009459e03a,1.619,1.719,1.659,1.0,1.0,1.0,12,5,1
2025-09-27 12:16:35+02:00,51d4b4f2-a095-1aa0-e100-80009459e03a,1.619,1.719,1.659,1.0,1.0,1.0,12,5,1
2025-09-27 12:21:35+02:00,51d4b4f2-a095-1aa0-e100-80009459e03a,1.619,1.719,1.659,1.0,1.0,1.0,12,5,1
2025-09-27 12:26:35+02:00,51d4b4f2-a095-1aa0-e100-80009459e03a,1.619,1.719,1.659,1.0,1.0,1.0,12,5,1
2025-09-27 12:31:35+02:00,51d4b4f2-a095-1aa0-e100-80009459e03a,1.619,1.719,1.659,1.0,1.0,1.0,12,5,1
2025-09-27 12:36:35+02:00,51d4b4f2-a095-1aa0-e100-80009459e03a,1.619,1.719,1.659,1.0,1.0,1.0,12,5,1
2025-09-27 12:41:35+02:00,51d4b4f2-a095-1aa0-e100-80009459e03a,1.619,1.719,1.659,1.0,1.0,1.0,12,5,1
2025-09-27 12:46:35+02:00,51d4b4f2-a095-1aa0-e100-80009459e03a,1.619,1.719,1.659,1.0,1.0,1.0,12,5,1
2025-09-27 12:51:35+02:00,51d4b4f2-a095-1aa0-e100-80009459e03a,1.619,1.719,1.659,1.0,1.0,1.0,12,5,1
2025-09-27 12:56:35+02:00,51d4b4f2-a095-1aa0-e100-80009459e03a,1.619,1.719,1.659,1.0,1.0,1.0,12,5,1
2025-09-27 13:01:35+02:00,51d4b4f2-a095-1aa0-e100-80009459e03a,1.619,1.719,1.659,1.0,1.0,1.0,13,5,1
2025-09-27 13:06:35+02:00,51d4b4f2-a095-1aa0-e100-80009459e03a,1.619,1.719,1.659,1.0,1.0,1.0,13,5,1
2025-09-27 13:11:35+02:00,51d4b4f2-a095-1aa0-e100-80009459e03a,1.619,1.719,1.659,1.0,1.0,1.0,13,5,1
2025-09-27 13:16:35+02:00,51d4b4f2-a095-1aa0-e100-80009459e03a,1.619,1.719,1.659,1.0,1.0,1.0,13,5,1
2025-09-27 13:21:35+02:00,51d4b4f2-a095-1aa0-e100-80009459e03a,1.579,1.709,1.649,0.0,1.0,1.0,13,5,1
2025-09-27 13:26:35+02:00,51d4b4f2-a095-1aa0-e100-80009459e03a,1.579,1.709,1.649,0.0,1.0,1.0,13,5,1
2025-09-27 13:31:35+02:00,51d4b4f2-a095-1aa0-e100-80009459e03a,1.579,1.709,1.649,0.0,1.0,1.0,13,5,1
2025-09-27 13:36:35+02:00,51d4b4f2-a095-1aa0-e100-80009459e03a,1.579,1.709,1.649,0.0,1.0,1.0,13,5,1
2025-09-27 13:41:35+02:00,51d4b4f2-a095-1aa0-e100-80009459e03a,1.579,1.709,1.649,0.0,1.0,1.0,13,5,1
2025-09-27 13:46:35+02:00,51d4b4f2-a095-1aa0-e100-80009459e03a,1.579,1.709,1.649,0.0,1.0,1.0,13,5,1
2025-09-27 13:51:35+02:00,51d4b4f2-a095-1aa0-e100-80009459e03a,1.579,1.709,1.649,0.0,1.0,1.0,13,5,1
2025-09-27 13:56:35+02:00,51d4b4f2-a095-1aa0-e100-80009459e03a,1.579,1.709,1.649,0.0,1.0,1.0,13,5,1
2025-09-27 14:01:35+02:00,51d4b4f2-a095-1aa0-e100-80009459e03a,1.579,1.709,1.649,0.0,1.0,1.0,14,5,1
2025-09-27 14:06:35+02:00,51d4b4f2-a095-1aa0-e100-80009459e03a,1.579,1.709,1.649,0.0,1.0,1.0,14,5,1
2025-09-27 14:11:35+02:00,51d4b4f2-a095-1aa0-e100-80009459e03a,1.579,1.709,1.649,0.0,1.0,1.0,14,5,1
2025-09-27 14:16:35+02:00,51d4b4f2-a095-1aa0-e100-80009459e03a,1.579,1.709,1.649,0.0,1.0,1.0,14,5,1
2025-09-27 14:21:35+02:00,51d4b4f2-a095-1aa0-e100-80009459e03a,1.579,1.709,1.649,0.0,1.0,1.0,14,5,1
2025-09-27 14:26:35+02:00,51d4b4f2-a095-1aa0-e100-80009459e03a,1.579,1.709,1.649,0.0,1.0,1.0,14,5,1
2025-09-27 14:31:35+02:00,51d4b4f2-a095-1aa0-e100-80009459e03a,1.579,1.709,1.649,0.0,1.0,1.0,14,5,1
2025-09-27 14:36:35+02:00,51d4b4f2-a095-1aa0-e100-80009459e03a,1.579,1.709,1.649,0.0,1.0,1.0,14,5,1
2025-09-27 14:41:35+02:00,51d4b4f2-a095-1aa0-e100-80009459e03a,1.579,1.709,1.649,0.0,1.0,1.0,14,5,1
2025-09-27 14:46:35+02:00,51d4b4f2-a095-1aa0-e100-80009459e03a,1.579,1.709,1.649,0.0,1.0,1.0,14,5,1
2025-09-27 14:51:35+02:00,51d4b4f2-a095-1aa0-e100-80009459e03a,1.579,1.709,1.649,0.0,1.0,1.0,14,5,1
2025-09-27 14:56:35+02:00,51d4b4f2-a095-1aa0-e100-80009459e03a,1.579,1.709,1.649,0.0,1.0,1.0,14,5,1
2025-09-27 15:01:35+02:00,51d4b4f2-a095-1aa0-e100-80009459e03a,1.579,1.709,1.649,0.0,1.0,1.0,15,5,1
2025-09-27 15:06:35+02:00,51d4b4f2-a095-1aa0-e100-80009459e03a,1.579,1.709,1.649,0.0,1.0,1.0,15,5,1
2025-09-27 15:11:35+02:00,51d4b4f2-a095-1aa0-e100-80009459e03a,1.579,1.709,1.649,0.0,1.0,1.0,15,5,1
2025-09-27 15:16:35+02:00,51d4b4f2-a095-1aa0-e100-80009459e03a,1.579,1.709,1.649,0.0,1.0,1.0,15,5,1
2025-09-27 15:21:35+02:00,51d4b4f2-a095-1aa0-e100-80009459e03a,1.579,1.709,1.649,0.0,1.0,1.0,15,5,1
2025-09-27 15:26:35+02:00,51d4b4f2-a095-1aa0-e100-80009459e03a,1.579,1.709,1.649,0.0,1.0,1.0,15,5,1
2025-09-27 15:31:35+02:00,51d4b4f2-a095-1aa0-e100-80009459e03a,1.579,1.709,1.649,0.0,1.0,1.0,15,5,1
2025-09-27 15:36:35+02:00,51d4b4f2-a095-1aa0-e100-80009459e03a,1.579,1.709,1.649,0.0,1.0,1.0,15,5,1
2025-09-27 15:41:35+02:00,51d4b4f2-a095-1aa0-e100-80009459e03a,1.579,1.709,1.649,0.0,1.0,1.0,15,5,1
2025-09-27 15:46:35+02:00,51d4b4f2-a095-1aa0-e100-80009459e03a,1.579,1.709,1.649,0.0,1.0,1.0,15,5,1
2025-09-27 15:51:35+02:00,51d4b4f2-a095-1aa0-e100-80009459e03a,1.579,1.709,1.649,0.0,1.0,1.0,15,5,1
2025-09-27 15:56:35+02:00,51d4b4f2-a095-1aa0-e100-80009459e03a,1.579,1.709,1.649,0.0,1.0,1.0,15,5,1
2025-09-27 16:01:35+02:00,51d4b4f2-a095-1aa0-e100-80009459e03a,1.579,1.709,1.649,0.0,1.0,1.0,16,5,1
2025-09-27 16:06:35+02:00,51d4b4f2-a095-1aa0-e100-80009459e03a,1.579,1.709,1.649,0.0,1.0,1.0,16,5,1
2025-09-27 16:11:35+02:00,51d4b4f2-a095-1aa0-e100-80009459e03a,1.579,1.709,1.649,0.0,1.0,1.0,16,5,1
2025-09-27 16:16:35+02:00,51d4b4f2-a095-1aa0-e100-80009459e03a,1.579,1.709,1.649,0.0,1.0,1.0,16,5,1
2025-09-27 16:21:35+02:00,51d4b4f2-a095-1aa0-e100-80009459e03a,1.579,1.709,1.649,0.0,1.0,1.0,16,5,1
2025-09-27 16:26:35+02:00,51d4b4f2-a095-1aa0-e100-80009459e03a,1.579,1.709,1.649,0.0,1.0,1.0,16,5,1
2025-09-27 16:31:35+02:00,51d4b4f2-a095-1aa0-e100-80009459e03a,1.579,1.709,1.649,0.0,1.0,1.0,16,5,1
2025-09-27 16:36:35+02:00,51d4b4f2-a095-1aa0-e100-80009459e03a,1.579,1.709,1.649,0.0,1.0,1.0,16,5,1
2025-09-27 16:41:35+02:00,51d4b4f2-a095-1aa0-e100-80009459e03a,1.579,1.709,1.649,0.0,1.0,1.0,16,5,1
2025-09-27 16:46:35+02:00,51d4b4f2-a095-1aa0-e100-80009459e03a,1.579,1.709,1.649,0.0,1.0,1.0,16,5,1
2025-09-27 16:51:35+02:00,51d4b4f2-a095-1aa0-e100-80009459e03a,1.579,1.709,1.649,0.0,1.0,1.0,16,5,1
2025-09-27 16:56:35+02:00,51d4b4f2-a095-1aa0-e100-80009459e03a,1.579,1.709,1.649,0.0,1.0,1.0,16,5,1
2025-09-27 17:01:35+02:00,51d4b4f2-a095-1aa0-e100-80009459e03a,1.579,1.709,1.649,0.0,1.0,1.0,17,5,1
2025-09-27 17:06:35+02:00,51d4b4f2-a095-1aa0-e100-80009459e03a,1.579,1.709,1.649,0.0,1.0,1.0,17,5,1
2025-09-27 17:11:35+02:00,51d4b4f2-a095-1aa0-e100-80009459e03a,1.579,1.709,1.649,0.0,1.0,1.0,17,5,1
2025-09-27 17:16:35+02:00,51d4b4f2-a095-1aa0-e100-80009459e03a,1.579,1.709,1.649,0.0,1.0,1.0,17,5,1
2025-09-27 17:21:35+02:00,51d4b4f2-a095-1aa0-e100-80009459e03a,1.579,1.709,1.649,0.0,1.0,1.0,17,5,1
2025-09-27 17:26:35+02:00,51d4b4f2-a095-1aa0-e100-80009459e03a,1.579,1.709,1.649,0.0,1.0,1.0,17,5,1
2025-09-27 17:31:35+02:00,51d4b4f2-a095-1aa0-e100-80009459e03a,1.579,1.709,1.649,0.0,1.0,1.0,17,5,1
2025-09-27 17:36:35+02:00,51d4b4f2-a095-1aa0-e100-80009459e03a,1.579,1.709,1.649,0.0,1.0,1.0,17,5,1
2025-09-27 17:41:35+02:00,51d4b4f2-a095-1aa0-e100-80009459e03a,1.579,1.709,1.649,0.0,1.0,1.0,17,5,1
2025-09-27 17:46:35+02:00,51d4b4f2-a095-1aa0-e100-80009459e03a,1.579,1.709,1.649,0.0,1.0,1.0,17,5,1
2025-09-27 17:51:35+02:00,51d4b4f2-a095-1aa0-e100-80009459e03a,1.579,1.709,1.649,0.0,1.0,1.0,17,5,1
2025-09-27 17:56:35+02:00,51d4b4f2-a095-1aa0-e100-80009459e03a,1.579,1.709,1.649,0.0,1.0,1.0,17,5,1
2025-09-27 18:01:35+02:00,51d4b4f2-a095-1aa0-e100-80009459e03a,1.579,1.709,1.649,0.0,1.0,1.0,18,5,1
2025-09-27 18:06:35+02:00,51d4b4f2-a095-1aa0-e100-80009459e03a,1.579,1.709,1.649,0.0,1.0,1.0,18,5,1
2025-09-27 18:11:35+02:00,51d4b4f2-a095-1aa0-e100-80009459e03a,1.579,1.709,1.649,0.0,1.0,1.0,18,5,1
2025-09-27 18:16:35+02:00,51d4b4f2-a095-1aa0-e100-80009459e03a,1.579,1.709,1.649,0.0,1.0,1.0,18,5,1
2025-09-27 18:21:35+02:00,51d4b4f2-a095-1aa0-e100-80009459e03a,1.579,1.709,1.649,0.0,1.0,1.0,18,5,1
2025-09-27 18:26:35+02:00,51d4b4f2-a095-1aa0-e100-80009459e03a,1.579,1.709,1.649,0.0,1.0,1.0,18,5,1
2025-09-27 18:31:35+02:00,51d4b4f2-a095-1aa0-e100-80009459e03a,1.579,1.709,1.649,0.0,1.0,1.0,18,5,1
2025-09-27 18:36:35+02:00,51d4b4f2-a095-1aa0-e100-80009459e03a,1.579,1.709,1.649,0.0,1.0,1.0,18,5,1
2025-09-27 18:41:35+02:00,51d4b4f2-a095-1aa0-e100-80009459e03a,1.579,1.709,1.649,0.0,1.0,1.0,18,5,1
2025-09-27 18:46:35+02:00,51d4b4f2-a095-1aa0-e100-80009459e03a,1.579,1.709,1.649,0.0,1.0,1.0,18,5,1
2025-09-27 18:51:35+02:00,51d4b4f2-a095-1aa0-e100-80009459e03a,1.579,1.709,1.649,0.0,1.0,1.0,18,5,1
2025-09-27 18:56:35+02:00,51d4b4f2-a095-1aa0-e100-80009459e03a,1.579,1.709,1.649,0.0,1.0,1.0,18,5,1
2025-09-27 19:01:35+02:00,51d4b4f2-a095-1aa0-e100-80009459e03a,1.579,1.709,1.649,0.0,1.0,1.0,19,5,1
2025-09-27 19:06:35+02:00,51d4b4f2-a095-1aa0-e100-80009459e03a,1.579,1.709,1.649,0.0,1.0,1.0,19,5,1
2025-09-27 19:11:35+02:00,51d4b4f2-a095-1aa0-e100-80009459e03a,1.579,1.709,1.649,0.0,1.0,1.0,19,5,1
2025-09-27 19:16:35+02:00,51d4b4f2-a095-1aa0-e100-80009459e03a,1.579,1.709,1.649,0.0,1.0,1.0,19,5,1
2025-09-27 19:21:35+02:00,51d4b4f2-a095-1aa0-e100-80009459e03a,1.579,1.709,1.649,0.0,1.0,1.0,19,5,1
2025-09-27 19:26:35+02:00,51d4b4f2-a095-1aa0-e100-80009459e03a,1.579,1.709,1.649,0.0,1.0,1.0,19,5,1
2025-09-27 19:31:35+02:00,51d4b4f2-a095-1aa0-e100-80009459e03a,1.579,1.709,1.649,0.0,1.0,1.0,19,5,1
2025-09-27 19:36:35+02:00,51d4b4f2-a095-1aa0-e100-80009459e03a,1.579,1.709,1.649,0.0,1.0,1.0,19,5,1
2025-09-27 19:41:35+02:00,51d4b4f2-a095-1aa0-e100-80009459e03a,1.579,1.709,1.649,0.0,1.0,1.0,19,5,1
2025-09-27 19:46:35+02:00,51d4b4f2-a095-1aa0-e100-80009459e03a,1.579,1.709,1.649,0.0,1.0,1.0,19,5,1
2025-09-27 19:51:35+02:00,51d4b4f2-a095-1aa0-e100-80009459e03a,1.579,1.709,1.649,0.0,1.0,1.0,19,5,1
2025-09-27 19:56:35+02:00,51d4b4f2-a095-1aa0-e100-80009459e03a,1.579,1.709,1.649,0.0,1.0,1.0,19,5,1
2025-09-27 20:01:35+02:00,51d4b4f2-a095-1aa0-e100-80009459e03a,1.579,1.709,1.649,0.0,1.0,1.0,20,5,1
2025-09-27 20:06:35+02:00,51d4b4f2-a095-1aa0-e100-80009459e03a,1.579,1.709,1.649,0.0,1.0,1.0,20,5,1
2025-09-27 20:11:35+02:00,51d4b4f2-a095-1aa0-e100-80009459e03a,1.579,1.709,1.649,0.0,1.0,1.0,20,5,1
2025-09-27 20:16:35+02:00,51d4b4f2-a095-1aa0-e100-80009459e03a,1.579,1.709,1.649,0.0,1.0,1.0,20,5,1
2025-09-27 20:21:35+02:00,51d4b4f2-a095-1aa0-e100-80009459e03a,1.579,1.709,1.649,0.0,1.0,1.0,20,5,1
2025-09-27 20:26:35+02:00,51d4b4f2-a095-1aa0-e100-80009459e03a,1.579,1.709,1.649,0.0,1.0,1.0,20,5,1
2025-09-27 20:31:35+02:00,51d4b4f2-a095-1aa0-e100-80009459e03a,1.579,1.709,1.649,0.0,1.0,1.0,20,5,1
2025-09-27 20:36:35+02:00,51d4b4f2-a095-1aa0-e100-80009459e03a,1.579,1.709,1.649,0.0,1.0,1.0,20,5,1
2025-09-27 20:41:35+02:00,51d4b4f2-a095-1aa0-e100-80009459e03a,1.579,1.709,1.649,0.0,1.0,1.0,20,5,1
2025-09-27 20:46:35+02:00,51d4b4f2-a095-1aa0-e100-80009459e03a,1.579,1.709,1.649,0.0,1.0,1.0,20,5,1
2025-09-27 20:51:35+02:00,51d4b4f2-a095-1aa0-e100-80009459e03a,1.579,1.709,1.649,0.0,1.0,1.0,20,5,1
2025-09-27 20:56:35+02:00,51d4b4f2-a095-1aa0-e100-80009459e03a,1.579,1.709,1.649,0.0,1.0,1.0,20,5,1
2025-09-27 21:01:35+02:00,51d4b4f2-a095-1aa0-e100-80009459e03a,1.579,1.709,1.649,0.0,1.0,1.0,21,5,1
2025-09-27 21:06:35+02:00,51d4b4f2-a095-1aa0-e100-80009459e03a,1.579,1.709,1.649,0.0,1.0,1.0,21,5,1
2025-09-27 21:11:35+02:00,51d4b4f2-a095-1aa0-e100-80009459e03a,1.579,1.709,1.649,0.0,1.0,1.0,21,5,1
2025-09-27 21:16:35+02:00,51d4b4f2-a095-1aa0-e100-80009459e03a,1.579,1.709,1.649,0.0,1.0,1.0,21,5,1
2025-09-27 21:21:35+02:00,51d4b4f2-a095-1aa0-e100-80009459e03a,1.579,1.709,1.649,0.0,1.0,1.0,21,5,1
2025-09-27 21:26:35+02:00,51d4b4f2-a095-1aa0-e100-80009459e03a,1.579,1.709,1.649,0.0,1.0,1.0,21,5,1
2025-09-27 21:31:35+02:00,51d4b4f2-a095-1aa0-e100-80009459e03a,1.579,1.709,1.649,0.0,1.0,1.0,21,5,1
2025-09-27 21:36:35+02:00,51d4b4f2-a095-1aa0-e100-80009459e03a,1.579,1.709,1.649,0.0,1.0,1.0,21,5,1
2025-09-27 21:41:35+02:00,51d4b4f2-a095-1aa0-e100-80009459e03a,1.579,1.709,1.649,0.0,1.0,1.0,21,5,1
2025-09-27 21:46:35+02:00,51d4b4f2-a095-1aa0-e100-80009459e03a,1.579,1.709,1.649,0.0,1.0,1.0,21,5,1
2025-09-27 21:51:35+02:00,51d4b4f2-a095-1aa0-e100-80009459e03a,1.579,1.709,1.649,0.0,1.0,1.0,21,5,1
2025-09-27 21:56:35+02:00,51d4b4f2-a095-1aa0-e100-80009459e03a,1.579,1.709,1.649,0.0,1.0,1.0,21,5,1
2025-09-27 22:01:35+02:00,51d4b4f2-a095-1aa0-e100-80009459e03a,1.579,1.709,1.649,0.0,1.0,1.0,22,5,1
2025-09-27 22:06:35+02:00,51d4b4f2-a095-1aa0-e100-80009459e03a,1.579,1.709,1.649,0.0,1.0,1.0,22,5,1
2025-09-27 22:11:35+02:00,51d4b4f2-a095-1aa0-e100-80009459e03a,1.579,1.709,1.649,0.0,1.0,1.0,22,5,1
2025-09-27 22:16:35+02:00,51d4b4f2-a095-1aa0-e100-80009459e03a,1.579,1.709,1.649,0.0,1.0,1.0,22,5,1
2025-09-27 22:21:35+02:00,51d4b4f2-a095-1aa0-e100-80009459e03a,1.579,1.709,1.649,0.0,1.0,1.0,22,5,1
2025-09-27 22:26:35+02:00,51d4b4f2-a095-1aa0-e100-80009459e03a,1.579,1.709,1.649,0.0,1.0,1.0,22,5,1
2025-09-27 22:31:35+02:00,51d4b4f2-a095-1aa0-e100-80009459e03a,1.579,1.709,1.649,0.0,1.0,1.0,22,5,1
2025-09-27 22:36:35+02:00,51d4b4f2-a095-1aa0-e100-80009459e03a,1.579,1.709,1.649,0.0,1.0,1.0,22,5,1
2025-09-27 22:41:35+02:00,51d4b4f2-a095-1aa0-e100-80009459e03a,1.579,1.709,1.649,0.0,1.0,1.0,22,5,1
2025-09-27 22:46:35+02:00,51d4b4f2-a095-1aa0-e100-80009459e03a,1.579,1.709,1.649,0.0,1.0,1.0,22,5,1
2025-09-27 22:51:35+02:00,51d4b4f2-a095-1aa0-e100-80009459e03a,1.579,1.709,1.649,0.0,1.0,1.0,22,5,1
2025-09-27 22:56:35+02:00,51d4b4f2-a095-1aa0-e100-80009459e03a,1.579,1.709,1.649,0.0,1.0,1.0,22,5,1
2025-09-27 23:01:35+02:00,51d4b4f2-a095-1aa0-e100-80009459e03a,1.579,1.709,1.649,0.0,1.0,1.0,23,5,1
2025-09-27 23:06:35+02:00,51d4b4f2-a095-1aa0-e100-80009459e03a,1.579,1.709,1.649,0.0,1.0,1.0,23,5,1
2025-09-27 23:11:35+02:00,51d4b4f2-a095-1aa0-e100-80009459e03a,1.579,1.709,1.649,0.0,1.0,1.0,23,5,1
